mysql> create database csis1550;
Query OK, 1 row affected (0.00 sec)

mysql> use csis1550;
Database changed

mysql> create table Branch(
    -> branch_num int not null,
    ->     branch_name varchar(45) not null,
    ->     branch_location varchar(45) not null,
    ->     num_employees int,
    ->     primary key (branch_num)
    -> );
Query OK, 0 rows affected (0.01 sec)

mysql> create table Publisher(
    -> publisher_code char(2) not null,
    ->     publisher_name varchar(45) not null,
    ->     city varchar(45) not null,
    ->     primary key (publisher_code)
    -> );
Query OK, 0 rows affected (0.01 sec)

mysql> create table Author(
    -> author_num int not null,
    ->     author_last varchar(45) not null,
    ->     author_first varchar(45) not null,
    ->     primary key (author_num)
    -> );
Query OK, 0 rows affected (0.01 sec)

mysql> create table Book(
    -> book_code char(4) not null,
    ->     title varchar(45) not null,
    ->     publisher_code char(2) not null,
    ->     book_type char(3) not null,
    ->     price decimal(5,2) not null,
    ->     paperback boolean not null,
    ->     primary key (book_code)
    -> );
Query OK, 0 rows affected (0.01 sec)

mysql> create table Wrote(
    -> wrote_num int not null,
    -> book_code char(4) not null,
    ->     author_num int not null,
    ->     sequence int not null,
    ->     primary key (wrote_num)
    -> );
Query OK, 0 rows affected (0.01 sec)

mysql> create table Inventory(
    -> inventory_num int not null,
    ->     book_code char(4) not null,
    ->     branch_num int not null,
    ->     on_hand int not null,
    ->     primary key (inventory_num)
    -> );
Query OK, 0 rows affected (0.01 sec)

mysql> show columns from Branch;
+-----------------+-------------+------+-----+---------+-------+
| Field           | Type        | Null | Key | Default | Extra |
+-----------------+-------------+------+-----+---------+-------+
| branch_num      | int(11)     | NO   | PRI | NULL    |       |
| branch_name     | varchar(45) | NO   |     | NULL    |       |
| branch_location | varchar(45) | NO   |     | NULL    |       |
| num_employees   | int(11)     | YES  |     | NULL    |       |
+-----------------+-------------+------+-----+---------+-------+
4 rows in set (0.00 sec)

mysql> show columns from Publisher;
+----------------+-------------+------+-----+---------+-------+
| Field          | Type        | Null | Key | Default | Extra |
+----------------+-------------+------+-----+---------+-------+
| publisher_code | char(2)     | NO   | PRI | NULL    |       |
| publisher_name | varchar(45) | NO   |     | NULL    |       |
| city           | varchar(45) | NO   |     | NULL    |       |
+----------------+-------------+------+-----+---------+-------+
3 rows in set (0.00 sec)

mysql> show columns from Author;
+--------------+-------------+------+-----+---------+-------+
| Field        | Type        | Null | Key | Default | Extra |
+--------------+-------------+------+-----+---------+-------+
| author_num   | int(11)     | NO   | PRI | NULL    |       |
| author_last  | varchar(45) | NO   |     | NULL    |       |
| author_first | varchar(45) | NO   |     | NULL    |       |
+--------------+-------------+------+-----+---------+-------+
3 rows in set (0.00 sec)

mysql> show columns from Book;
+----------------+--------------+------+-----+---------+-------+
| Field          | Type         | Null | Key | Default | Extra |
+----------------+--------------+------+-----+---------+-------+
| book_code      | char(4)      | NO   | PRI | NULL    |       |
| title          | varchar(45)  | NO   |     | NULL    |       |
| publisher_code | char(2)      | NO   |     | NULL    |       |
| book_type      | char(3)      | NO   |     | NULL    |       |
| price          | decimal(5,2) | NO   |     | NULL    |       |
| paperback      | tinyint(1)   | NO   |     | NULL    |       |
+----------------+--------------+------+-----+---------+-------+
6 rows in set (0.00 sec)

mysql> show columns from Wrote;
+------------+---------+------+-----+---------+-------+
| Field      | Type    | Null | Key | Default | Extra |
+------------+---------+------+-----+---------+-------+
| wrote_num  | int(11) | NO   | PRI | NULL    |       |
| book_code  | char(4) | NO   |     | NULL    |       |
| author_num | int(11) | NO   |     | NULL    |       |
| sequence   | int(11) | NO   |     | NULL    |       |
+------------+---------+------+-----+---------+-------+
4 rows in set (0.00 sec)

mysql> show columns from Inventory;
+---------------+---------+------+-----+---------+-------+
| Field         | Type    | Null | Key | Default | Extra |
+---------------+---------+------+-----+---------+-------+
| inventory_num | int(11) | NO   | PRI | NULL    |       |
| book_code     | char(4) | NO   |     | NULL    |       |
| branch_num    | int(11) | NO   |     | NULL    |       |
| on_hand       | int(11) | NO   |     | NULL    |       |
+---------------+---------+------+-----+---------+-------+
4 rows in set (0.00 sec)

mysql> insert into Branch values(1, 'Henry Downtown', '16 Riverview', 10);
Query OK, 1 row affected (0.01 sec)

mysql> insert into Branch values(2, 'Henry On The Hill', '1289 Bedford', 6);
Query OK, 1 row affected (0.00 sec)

mysql> insert into Branch values(3, 'Henry Brentwood', 'Brentwood Mall', 15);
Query OK, 1 row affected (0.00 sec)

mysql> insert into Branch values(4, 'Henry Eastshore', 'Eastshore Mall', 9);
Query OK, 1 row affected (0.01 sec)

mysql> 
mysql> insert into Publisher values('AH', 'Arkham House', 'Sauk City WI');
Query OK, 1 row affected (0.00 sec)

mysql> insert into Publisher values('AP', 'Arcade Publishing', 'New York');
Query OK, 1 row affected (0.01 sec)

mysql> insert into Publisher values('BA', 'Basic Books', 'Boulder CO');
Query OK, 1 row affected (0.01 sec)

mysql> insert into Publisher values('BP', 'Berkley Publishing', 'Boston');
Query OK, 1 row affected (0.00 sec)

mysql> insert into Publisher values('BY', 'Back Bay Books', 'New York');
Query OK, 1 row affected (0.01 sec)

mysql> insert into Publisher values('CT', 'Course Technology', 'Boston');
Query OK, 1 row affected (0.00 sec)

mysql> insert into Publisher values('FA', 'Fawcett Books', 'New York');
Query OK, 1 row affected (0.00 sec)

mysql> insert into Publisher values('FS', 'Farrar Straus and Giroux', 'New York');
Query OK, 1 row affected (0.01 sec)

mysql> insert into Publisher values('HC', 'HarperCollins Publishers', 'New York');
Query OK, 1 row affected (0.00 sec)

mysql> insert into Publisher values('JP', 'Jove Publications', 'New York');
Query OK, 1 row affected (0.00 sec)

mysql> insert into Publisher values('JT', 'Jeremy P. Tarcher', 'Los Angeles');
Query OK, 1 row affected (0.01 sec)

mysql> insert into Publisher values('LB', 'Lb Books', 'New York');
Query OK, 1 row affected (0.00 sec)

mysql> insert into Publisher values('MP', 'McPherson and Co.', 'Kingston');
Query OK, 1 row affected (0.00 sec)

mysql> insert into Publisher values('PE', 'Penguin USA', 'New York');
Query OK, 1 row affected (0.00 sec)

mysql> insert into Publisher values('PL', 'Plume', 'New York');
Query OK, 1 row affected (0.01 sec)

mysql> insert into Publisher values('PU', 'Putnam Publishing Group', 'New York');
Query OK, 1 row affected (0.00 sec)

mysql> insert into Publisher values('RH', 'Random House', 'New York');
Query OK, 1 row affected (0.00 sec)

mysql> insert into Publisher values('SB', 'Schoken Books', 'New York');
Query OK, 1 row affected (0.00 sec)

mysql> insert into Publisher values('SC', 'Scribner', 'New York');
Query OK, 1 row affected (0.00 sec)

mysql> insert into Publisher values('SS', 'Simon and Schuster', 'New York');
Query OK, 1 row affected (0.01 sec)

mysql> insert into Publisher values('ST', 'Scholastic Trade', 'New York');
Query OK, 1 row affected (0.00 sec)

mysql> insert into Publisher values('TA', 'Taunton Press', 'Newton CT');
Query OK, 1 row affected (0.02 sec)

mysql> insert into Publisher values('TB', 'Tor Books', 'New York');
Query OK, 1 row affected (0.00 sec)

mysql> insert into Publisher values('TH', 'Thames and Hudson', 'New York');
Query OK, 1 row affected (0.00 sec)

mysql> insert into Publisher values('TO', 'Touchstone Books', 'Westport CT');
Query OK, 1 row affected (0.00 sec)

mysql> insert into Publisher values('VB', 'Vintage Books', 'New York');
Query OK, 1 row affected (0.01 sec)

mysql> insert into Publisher values('WN', 'W.W. Norton', 'New York');
Query OK, 1 row affected (0.00 sec)

mysql> insert into Publisher values('WP', 'Westview Press', 'Boulder CO');
Query OK, 1 row affected (0.01 sec)

mysql> 
mysql> insert into Author values(1, 'Morrison', 'Toni');
Query OK, 1 row affected (0.01 sec)

mysql> insert into Author values(2, 'Solotaroff', 'Paul');
Query OK, 1 row affected (0.00 sec)

mysql> insert into Author values(3, 'Vintage', 'Vernor');
Query OK, 1 row affected (0.01 sec)

mysql> insert into Author values(4, 'Francis', 'Dick');
Query OK, 1 row affected (0.01 sec)

mysql> insert into Author values(5, 'Straub', 'Peter');
Query OK, 1 row affected (0.00 sec)

mysql> insert into Author values(6, 'King', 'Stephen');
Query OK, 1 row affected (0.00 sec)

mysql> insert into Author values(7, 'Pratt', 'Philip');
Query OK, 1 row affected (0.00 sec)

mysql> insert into Author values(8, 'Chase', 'Truddi');
Query OK, 1 row affected (0.01 sec)

mysql> insert into Author values(9, 'Collins', 'Bradley');
Query OK, 1 row affected (0.00 sec)

mysql> insert into Author values(10, 'Heller', 'Joseph');
Query OK, 1 row affected (0.01 sec)

mysql> insert into Author values(11, 'Wills', 'Gary');
Query OK, 1 row affected (0.00 sec)

mysql> insert into Author values(12, 'Hofstadter', 'Douglas R.');
Query OK, 1 row affected (0.01 sec)

mysql> insert into Author values(13, 'Lee', 'Harper');
Query OK, 1 row affected (0.00 sec)

mysql> insert into Author values(14, 'Ambrose', 'Stephen E.');
Query OK, 1 row affected (0.01 sec)

mysql> insert into Author values(15, 'Rowling', 'J.K.');
Query OK, 1 row affected (0.00 sec)

mysql> insert into Author values(16, 'Salinger', 'J.D.');
Query OK, 1 row affected (0.01 sec)

mysql> insert into Author values(17, 'Heaney', 'Seamus');
Query OK, 1 row affected (0.00 sec)

mysql> insert into Author values(18, 'Camus', 'Albert');
Query OK, 1 row affected (0.01 sec)

mysql> insert into Author values(19, 'Collins, Jr.', 'Bradley');
Query OK, 1 row affected (0.00 sec)

mysql> insert into Author values(20, 'Steinbeck', 'John');
Query OK, 1 row affected (0.01 sec)

mysql> insert into Author values(21, 'Castelman', 'Riva');
Query OK, 1 row affected (0.00 sec)

mysql> insert into Author values(22, 'Owen', 'Barbara');
Query OK, 1 row affected (0.01 sec)

mysql> insert into Author values(23, 'O\'Rourke', 'Randy');
Query OK, 1 row affected (0.01 sec)

mysql> insert into Author values(24, 'Kidder', 'Tracy');
Query OK, 1 row affected (0.00 sec)

mysql> insert into Author values(25, 'Schleining', 'Lon');
Query OK, 1 row affected (0.01 sec)

mysql> 
mysql> insert into Book values('0180', 'A Deepness in the Sky', 'TB', 'SFI', 7.19, true);
Query OK, 1 row affected (0.00 sec)

mysql> insert into Book values('0189', 'Magic Terror', 'FA', 'HOR', 7.99, true);
Query OK, 1 row affected (0.01 sec)

mysql> insert into Book values('0200', 'The Stranger', 'VB', 'FIC', 8.00, true);
Query OK, 1 row affected (0.01 sec)

# Parker Smith CSIS 1550-003 Ch3 HenryBooks DB Creation

mysql> insert into Book values('0378', 'Venice', 'SS', 'ART', 24.50, false);
Query OK, 1 row affected (0.01 sec)

mysql> insert into Book values('O79X', 'Second Wind', 'PU', 'MYS', 24.95, false);
Query OK, 1 row affected (0.00 sec)

mysql> insert into Book values('0808', 'The Edge', 'JP', 'MYS', 6.99, true);
Query OK, 1 row affected (0.01 sec)

mysql> insert into Book values('1351', 'Dreamcatcher: A Novel', 'SC', 'HOR', 19.60, false);
Query OK, 1 row affected (0.00 sec)

mysql> insert into Book values('1382', 'Treasure Chests', 'TA', 'ART', 24.46, false);
Query OK, 1 row affected (0.00 sec)

mysql> insert into Book values('138X', 'Beloved', 'PL', 'FIC', 12.95, true);
Query OK, 1 row affected (0.01 sec)

mysql> insert into Book values('2226', 'Harry Potter and the Prison of Azkaban', 'ST', 'SFI', 13.96, false);
Query OK, 1 row affected (0.01 sec)

mysql> insert into Book values('2281', 'Van Gogh and Gauguin', 'WP', 'ART', 21.00, false);
Query OK, 1 row affected (0.01 sec)

mysql> insert into Book values('2766', 'Of Mice and Men', 'PE', 'FIC', 6.95, true);
Query OK, 1 row affected (0.00 sec)

mysql> insert into Book values('2908', 'Electric Light', 'FS', 'POE', 14.00, false);
Query OK, 1 row affected (0.00 sec)

mysql> insert into Book values('3350', 'Group: Six People in Search of a Life', 'BP', 'PSY', 10.40, true);
Query OK, 1 row affected (0.00 sec)

mysql> insert into Book values('3743', 'Nine Stories', 'LB', 'FIC', 5.99, true);
Query OK, 1 row affected (0.00 sec)

mysql> insert into Book values('3906', 'The Soul of a New Machine', 'BY', 'SCI', 11.16, true);
Query OK, 1 row affected (0.01 sec)

mysql> insert into Book values('5163', 'Travels with Charley', 'PE', 'TRA', 7.95, true);
Query OK, 1 row affected (0.00 sec)

mysql> insert into Book values('5790', 'Catch-22', 'SC', 'FIC', 12.00, true);
Query OK, 1 row affected (0.01 sec)

mysql> insert into Book values('6128', 'Jazz', 'PL', 'FIC', 12.95, true);
Query OK, 1 row affected (0.00 sec)

mysql> insert into Book values('6328', 'Band of Brothers', 'TO', 'HIS', 9.60, true);
Query OK, 1 row affected (0.00 sec)

mysql> insert into Book values('669X', 'A Guide to SQL', 'CT', 'CMP', 37.95, true);
Query OK, 1 row affected (0.00 sec)

mysql> insert into Book values('6908', 'Franny and Zooey', 'LB', 'FIC', 5.99, true);
Query OK, 1 row affected (0.00 sec)

mysql> insert into Book values('7405', 'East of Eden', 'PE', 'FIC', 12.95, true);
Query OK, 1 row affected (0.01 sec)

mysql> insert into Book values('7443', 'Harry Potter and the Goblet of Fire', 'ST', 'SFI', 18.16, false);
Query OK, 1 row affected (0.01 sec)

mysql> insert into Book values('7559', 'The Fall', 'VB', 'FIC', 8.00, true);
Query OK, 1 row affected (0.00 sec)

mysql> insert into Book values('8092', 'Godel, Escher, Bach', 'BA', 'PHI', 14.00, true);
Query OK, 1 row affected (0.01 sec)

mysql> insert into Book values('8720', 'When Rabbit Howls', 'JP', 'PSY', 6.29, true);
Query OK, 1 row affected (0.01 sec)

mysql> insert into Book values('9611', 'Black House', 'RH', 'HOR', 18.81, false);
Query OK, 1 row affected (0.00 sec)

mysql> insert into Book values('9627', 'Song of Solomon', 'PL', 'FIC', 14.00, true);
Query OK, 1 row affected (0.01 sec)

mysql> insert into Book values('9701', 'The Grapes of Wrath', 'PE', 'FIC', 13.00, true);
Query OK, 1 row affected (0.00 sec)

mysql> insert into Book values('9882', 'Slay Ride', 'JP', 'MYS', 6.99, true);
Query OK, 1 row affected (0.00 sec)

mysql> insert into Book values('9883', 'The Catcher in the Rye', 'LB', 'FIC', 5.99, true);
Query OK, 1 row affected (0.00 sec)

mysql> insert into Book values('9931', 'To Kill a Mockingbird', 'HC', 'FIC', 18.00, false);
Query OK, 1 row affected (0.00 sec)

mysql> 
mysql> insert into Wrote values(1, '0180', 3, 1);
Query OK, 1 row affected (0.01 sec)

mysql> insert into Wrote values(2, '0189', 5, 1);
Query OK, 1 row affected (0.00 sec)

mysql> insert into Wrote values(3, '0200', 18, 1);
Query OK, 1 row affected (0.01 sec)

mysql> insert into Wrote values(4, '0378', 11, 1);
Query OK, 1 row affected (0.01 sec)

mysql> insert into Wrote values(5, '079X', 4, 1);
Query OK, 1 row affected (0.01 sec)

mysql> insert into Wrote values(6, '0808', 4, 1);
Query OK, 1 row affected (0.00 sec)

mysql> insert into Wrote values(7, '1351', 6, 1);
Query OK, 1 row affected (0.01 sec)

mysql> insert into Wrote values(8, '1382', 23, 2);
Query OK, 1 row affected (0.00 sec)

mysql> insert into Wrote values(9, '1382', 25, 1);
Query OK, 1 row affected (0.01 sec)

mysql> insert into Wrote values(10, '138X', 1, 1);
Query OK, 1 row affected (0.01 sec)

mysql> insert into Wrote values(11, '2226', 15, 1);
Query OK, 1 row affected (0.00 sec)

mysql> insert into Wrote values(12, '2281', 9, 12);
Query OK, 1 row affected (0.00 sec)

mysql> insert into Wrote values(13, '2281', 19, 1);
Query OK, 1 row affected (0.01 sec)

mysql> insert into Wrote values(14, '2766', 20, 1);
Query OK, 1 row affected (0.00 sec)

mysql> insert into Wrote values(15, '2908', 17, 1);
Query OK, 1 row affected (0.01 sec)

mysql> insert into Wrote values(16, '3350', 2, 1);
Query OK, 1 row affected (0.00 sec)

mysql> insert into Wrote values(17, '3743', 16, 1);
Query OK, 1 row affected (0.00 sec)

mysql> insert into Wrote values(18, '3906', 24, 1);
Query OK, 1 row affected (0.00 sec)

mysql> insert into Wrote values(19, '5163', 20, 1);
Query OK, 1 row affected (0.01 sec)

mysql> insert into Wrote values(20, '5790', 10, 1);
Query OK, 1 row affected (0.01 sec)

mysql> insert into Wrote values(21, '6128', 1, 1);
Query OK, 1 row affected (0.00 sec)

mysql> insert into Wrote values(22, '6328', 14, 1);
Query OK, 1 row affected (0.00 sec)

mysql> insert into Wrote values(23, '669X', 7, 1);
Query OK, 1 row affected (0.01 sec)

mysql> insert into Wrote values(24, '6908', 16, 1);
Query OK, 1 row affected (0.01 sec)

mysql> insert into Wrote values(25, '7405', 20, 1);
Query OK, 1 row affected (0.00 sec)

mysql> insert into Wrote values(26, '7443', 15, 1);
Query OK, 1 row affected (0.00 sec)

mysql> insert into Wrote values(27, '7559', 18, 1);
Query OK, 1 row affected (0.00 sec)

mysql> insert into Wrote values(28, '8092', 12, 1);
Query OK, 1 row affected (0.01 sec)

mysql> insert into Wrote values(29, '8720', 8, 1);
Query OK, 1 row affected (0.00 sec)

mysql> insert into Wrote values(30, '9611', 5, 2);
Query OK, 1 row affected (0.00 sec)

mysql> insert into Wrote values(31, '9611', 6, 1);
Query OK, 1 row affected (0.00 sec)

mysql> insert into Wrote values(32, '9627', 1, 1);
Query OK, 1 row affected (0.01 sec)

mysql> insert into Wrote values(33, '9701', 20, 1);
Query OK, 1 row affected (0.00 sec)

mysql> insert into Wrote values(34, '9882', 4, 1);
Query OK, 1 row affected (0.00 sec)

mysql> insert into Wrote values(35, '9883', 16, 1);
Query OK, 1 row affected (0.00 sec)

mysql> insert into Wrote values(36, '9931', 13, 1);
Query OK, 1 row affected (0.01 sec)

mysql> 
mysql> insert into Inventory values(1, '0180', 1, 2);
Query OK, 1 row affected (0.00 sec)

mysql> insert into Inventory values(2, '0189', 2, 2);
Query OK, 1 row affected (0.01 sec)

mysql> insert into Inventory values(3, '0200', 1, 1);
Query OK, 1 row affected (0.00 sec)

mysql> insert into Inventory values(4, '0200', 2, 3);
Query OK, 1 row affected (0.00 sec)

mysql> insert into Inventory values(5, '0378', 3, 2);
Query OK, 1 row affected (0.00 sec)

mysql> insert into Inventory values(6, '079X', 2, 1);
Query OK, 1 row affected (0.01 sec)

mysql> insert into Inventory values(7, '079X', 3, 2);
Query OK, 1 row affected (0.01 sec)

mysql> insert into Inventory values(8, '079X', 4, 3);
Query OK, 1 row affected (0.00 sec)

mysql> insert into Inventory values(9, '0808', 2, 1);
Query OK, 1 row affected (0.01 sec)

mysql> insert into Inventory values(10, '1351', 2, 4);
Query OK, 1 row affected (0.00 sec)

mysql> insert into Inventory values(11, '1351', 3, 2);
Query OK, 1 row affected (0.00 sec)

mysql> insert into Inventory values(12, '1382', 2, 1);
Query OK, 1 row affected (0.00 sec)

mysql> insert into Inventory values(13, '138X', 2, 3);
Query OK, 1 row affected (0.01 sec)

mysql> insert into Inventory values(14, '2226', 3, 2);
Query OK, 1 row affected (0.01 sec)

mysql> insert into Inventory values(15, '2226', 4, 1);
Query OK, 1 row affected (0.00 sec)

mysql> insert into Inventory values(16, '2281', 4, 3);
Query OK, 1 row affected (0.00 sec)

mysql> insert into Inventory values(17, '2766', 3, 2);
Query OK, 1 row affected (0.01 sec)

mysql> insert into Inventory values(18, '2908', 1, 3);
Query OK, 1 row affected (0.01 sec)

mysql> insert into Inventory values(19, '2908', 4, 1);
Query OK, 1 row affected (0.00 sec)

mysql> insert into Inventory values(20, '3350', 1, 2);
Query OK, 1 row affected (0.00 sec)

mysql> insert into Inventory values(21, '3743', 2, 1);
Query OK, 1 row affected (0.01 sec)

mysql> insert into Inventory values(22, '3906', 2, 1);
Query OK, 1 row affected (0.01 sec)

mysql> insert into Inventory values(23, '3906', 3, 2);
Query OK, 1 row affected (0.00 sec)

mysql> insert into Inventory values(24, '5163', 1, 1);
Query OK, 1 row affected (0.00 sec)

mysql> insert into Inventory values(25, '5790', 4, 2);
Query OK, 1 row affected (0.01 sec)

mysql> insert into Inventory values(26, '6128', 2, 4);
Query OK, 1 row affected (0.01 sec)

mysql> insert into Inventory values(27, '6128', 3, 3);
Query OK, 1 row affected (0.00 sec)

mysql> insert into Inventory values(28, '6328', 2, 2);
Query OK, 1 row affected (0.00 sec)

mysql> insert into Inventory values(29, '669X', 1, 1);
Query OK, 1 row affected (0.01 sec)

mysql> insert into Inventory values(30, '6908', 2, 2);
Query OK, 1 row affected (0.00 sec)

mysql> insert into Inventory values(31, '7405', 3, 2);
Query OK, 1 row affected (0.00 sec)

mysql> insert into Inventory values(32, '7443', 4, 1);
Query OK, 1 row affected (0.00 sec)

mysql> insert into Inventory values(33, '7559', 2, 2);
Query OK, 1 row affected (0.01 sec)

mysql> insert into Inventory values(34, '8092', 3, 1);
Query OK, 1 row affected (0.01 sec)

mysql> insert into Inventory values(35, '8720', 1, 3);
Query OK, 1 row affected (0.01 sec)

mysql> insert into Inventory values(36, '9611', 1, 2);
Query OK, 1 row affected (0.00 sec)

mysql> insert into Inventory values(37, '9627', 3, 5);
Query OK, 1 row affected (0.01 sec)

mysql> insert into Inventory values(38, '9627', 4, 2);
Query OK, 1 row affected (0.00 sec)

mysql> insert into Inventory values(39, '9701', 1, 2);
Query OK, 1 row affected (0.01 sec)

mysql> insert into Inventory values(40, '9701', 2, 1);
Query OK, 1 row affected (0.00 sec)

mysql> insert into Inventory values(41, '9701', 3, 3);
Query OK, 1 row affected (0.01 sec)

mysql> insert into Inventory values(42, '9701', 4, 2);
Query OK, 1 row affected (0.00 sec)

mysql> insert into Inventory values(43, '9882', 3, 3);
Query OK, 1 row affected (0.01 sec)

mysql> insert into Inventory values(44, '9883', 2, 3);
Query OK, 1 row affected (0.00 sec)

mysql> insert into Inventory values(45, '9883', 4, 2);
Query OK, 1 row affected (0.01 sec)

mysql> insert into Inventory values(46, '9931', 1, 2);
Query OK, 1 row affected (0.02 sec)

mysql> select * from Branch;
+------------+-------------------+-----------------+---------------+
| branch_num | branch_name       | branch_location | num_employees |
+------------+-------------------+-----------------+---------------+
|          1 | Henry Downtown    | 16 Riverview    |            10 |
|          2 | Henry On The Hill | 1289 Bedford    |             6 |
|          3 | Henry Brentwood   | Brentwood Mall  |            15 |
|          4 | Henry Eastshore   | Eastshore Mall  |             9 |
+------------+-------------------+-----------------+---------------+
4 rows in set (0.00 sec)

mysql> select * from Publisher;
+----------------+--------------------------+--------------+
| publisher_code | publisher_name           | city         |
+----------------+--------------------------+--------------+
| AH             | Arkham House             | Sauk City WI |
| AP             | Arcade Publishing        | New York     |
| BA             | Basic Books              | Boulder CO   |
| BP             | Berkley Publishing       | Boston       |
| BY             | Back Bay Books           | New York     |
| CT             | Course Technology        | Boston       |
| FA             | Fawcett Books            | New York     |
| FS             | Farrar Straus and Giroux | New York     |
| HC             | HarperCollins Publishers | New York     |
| JP             | Jove Publications        | New York     |
| JT             | Jeremy P. Tarcher        | Los Angeles  |
| LB             | Lb Books                 | New York     |
| MP             | McPherson and Co.        | Kingston     |
| PE             | Penguin USA              | New York     |
| PL             | Plume                    | New York     |
| PU             | Putnam Publishing Group  | New York     |
| RH             | Random House             | New York     |
| SB             | Schoken Books            | New York     |
| SC             | Scribner                 | New York     |
| SS             | Simon and Schuster       | New York     |
| ST             | Scholastic Trade         | New York     |
| TA             | Taunton Press            | Newton CT    |
| TB             | Tor Books                | New York     |
| TH             | Thames and Hudson        | New York     |
| TO             | Touchstone Books         | Westport CT  |
| VB             | Vintage Books            | New York     |
| WN             | W.W. Norton              | New York     |
| WP             | Westview Press           | Boulder CO   |
+----------------+--------------------------+--------------+
28 rows in set (0.00 sec)

mysql> select * from Author;
+------------+--------------+--------------+
| author_num | author_last  | author_first |
+------------+--------------+--------------+
|          1 | Morrison     | Toni         |
|          2 | Solotaroff   | Paul         |
|          3 | Vintage      | Vernor       |
|          4 | Francis      | Dick         |
|          5 | Straub       | Peter        |
|          6 | King         | Stephen      |
|          7 | Pratt        | Philip       |
|          8 | Chase        | Truddi       |
|          9 | Collins      | Bradley      |
|         10 | Heller       | Joseph       |
|         11 | Wills        | Gary         |
|         12 | Hofstadter   | Douglas R.   |
|         13 | Lee          | Harper       |
|         14 | Ambrose      | Stephen E.   |
|         15 | Rowling      | J.K.         |
|         16 | Salinger     | J.D.         |
|         17 | Heaney       | Seamus       |
|         18 | Camus        | Albert       |
|         19 | Collins, Jr. | Bradley      |
|         20 | Steinbeck    | John         |
|         21 | Castelman    | Riva         |
|         22 | Owen         | Barbara      |
|         23 | O'Rourke     | Randy        |
|         24 | Kidder       | Tracy        |
|         25 | Schleining   | Lon          |
+------------+--------------+--------------+
25 rows in set (0.00 sec)

mysql> select * from Book;
+-----------+----------------------------------------+----------------+-----------+-------+-----------+
| book_code | title                                  | publisher_code | book_type | price | paperback |
+-----------+----------------------------------------+----------------+-----------+-------+-----------+
| 0180      | A Deepness in the Sky                  | TB             | SFI       |  7.19 |         1 |
| 0189      | Magic Terror                           | FA             | HOR       |  7.99 |         1 |
| 0200      | The Stranger                           | VB             | FIC       |  8.00 |         1 |
| 0378      | Venice                                 | SS             | ART       | 24.50 |         0 |
| 0808      | The Edge                               | JP             | MYS       |  6.99 |         1 |
| 1351      | Dreamcatcher: A Novel                  | SC             | HOR       | 19.60 |         0 |
| 1382      | Treasure Chests                        | TA             | ART       | 24.46 |         0 |
| 138X      | Beloved                                | PL             | FIC       | 12.95 |         1 |
| 2226      | Harry Potter and the Prison of Azkaban | ST             | SFI       | 13.96 |         0 |
| 2281      | Van Gogh and Gauguin                   | WP             | ART       | 21.00 |         0 |
| 2766      | Of Mice and Men                        | PE             | FIC       |  6.95 |         1 |
| 2908      | Electric Light                         | FS             | POE       | 14.00 |         0 |
| 3350      | Group: Six People in Search of a Life  | BP             | PSY       | 10.40 |         1 |
| 3743      | Nine Stories                           | LB             | FIC       |  5.99 |         1 |
| 3906      | The Soul of a New Machine              | BY             | SCI       | 11.16 |         1 |
| 5163      | Travels with Charley                   | PE             | TRA       |  7.95 |         1 |
| 5790      | Catch-22                               | SC             | FIC       | 12.00 |         1 |
| 6128      | Jazz                                   | PL             | FIC       | 12.95 |         1 |
| 6328      | Band of Brothers                       | TO             | HIS       |  9.60 |         1 |
| 669X      | A Guide to SQL                         | CT             | CMP       | 37.95 |         1 |
| 6908      | Franny and Zooey                       | LB             | FIC       |  5.99 |         1 |
| 7405      | East of Eden                           | PE             | FIC       | 12.95 |         1 |
| 7443      | Harry Potter and the Goblet of Fire    | ST             | SFI       | 18.16 |         0 |
| 7559      | The Fall                               | VB             | FIC       |  8.00 |         1 |
| 8092      | Godel, Escher, Bach                    | BA             | PHI       | 14.00 |         1 |
| 8720      | When Rabbit Howls                      | JP             | PSY       |  6.29 |         1 |
| 9611      | Black House                            | RH             | HOR       | 18.81 |         0 |
| 9627      | Song of Solomon                        | PL             | FIC       | 14.00 |         1 |
| 9701      | The Grapes of Wrath                    | PE             | FIC       | 13.00 |         1 |
| 9882      | Slay Ride                              | JP             | MYS       |  6.99 |         1 |
| 9883      | The Catcher in the Rye                 | LB             | FIC       |  5.99 |         1 |
| 9931      | To Kill a Mockingbird                  | HC             | FIC       | 18.00 |         0 |
| O79X      | Second Wind                            | PU             | MYS       | 24.95 |         0 |
+-----------+----------------------------------------+----------------+-----------+-------+-----------+
33 rows in set (0.00 sec)

mysql> select * from Wrote;
+-----------+-----------+------------+----------+
| wrote_num | book_code | author_num | sequence |
+-----------+-----------+------------+----------+
|         1 | 0180      |          3 |        1 |
|         2 | 0189      |          5 |        1 |
|         3 | 0200      |         18 |        1 |
|         4 | 0378      |         11 |        1 |
|         5 | 079X      |          4 |        1 |
|         6 | 0808      |          4 |        1 |
|         7 | 1351      |          6 |        1 |
|         8 | 1382      |         23 |        2 |
|         9 | 1382      |         25 |        1 |
|        10 | 138X      |          1 |        1 |
|        11 | 2226      |         15 |        1 |
|        12 | 2281      |          9 |       12 |
|        13 | 2281      |         19 |        1 |
|        14 | 2766      |         20 |        1 |
|        15 | 2908      |         17 |        1 |
|        16 | 3350      |          2 |        1 |
|        17 | 3743      |         16 |        1 |
|        18 | 3906      |         24 |        1 |
|        19 | 5163      |         20 |        1 |
|        20 | 5790      |         10 |        1 |
|        21 | 6128      |          1 |        1 |
|        22 | 6328      |         14 |        1 |
|        23 | 669X      |          7 |        1 |
|        24 | 6908      |         16 |        1 |
|        25 | 7405      |         20 |        1 |
|        26 | 7443      |         15 |        1 |
|        27 | 7559      |         18 |        1 |
|        28 | 8092      |         12 |        1 |
|        29 | 8720      |          8 |        1 |
|        30 | 9611      |          5 |        2 |
|        31 | 9611      |          6 |        1 |
|        32 | 9627      |          1 |        1 |
|        33 | 9701      |         20 |        1 |
|        34 | 9882      |          4 |        1 |
|        35 | 9883      |         16 |        1 |
|        36 | 9931      |         13 |        1 |
+-----------+-----------+------------+----------+
36 rows in set (0.00 sec)

mysql> select * from Inventory;
+---------------+-----------+------------+---------+
| inventory_num | book_code | branch_num | on_hand |
+---------------+-----------+------------+---------+
|             1 | 0180      |          1 |       2 |
|             2 | 0189      |          2 |       2 |
|             3 | 0200      |          1 |       1 |
|             4 | 0200      |          2 |       3 |
|             5 | 0378      |          3 |       2 |
|             6 | 079X      |          2 |       1 |
|             7 | 079X      |          3 |       2 |
|             8 | 079X      |          4 |       3 |
|             9 | 0808      |          2 |       1 |
|            10 | 1351      |          2 |       4 |
|            11 | 1351      |          3 |       2 |
|            12 | 1382      |          2 |       1 |
|            13 | 138X      |          2 |       3 |
|            14 | 2226      |          3 |       2 |
|            15 | 2226      |          4 |       1 |
|            16 | 2281      |          4 |       3 |
|            17 | 2766      |          3 |       2 |
|            18 | 2908      |          1 |       3 |
|            19 | 2908      |          4 |       1 |
|            20 | 3350      |          1 |       2 |
|            21 | 3743      |          2 |       1 |
|            22 | 3906      |          2 |       1 |
|            23 | 3906      |          3 |       2 |
|            24 | 5163      |          1 |       1 |
|            25 | 5790      |          4 |       2 |
|            26 | 6128      |          2 |       4 |
|            27 | 6128      |          3 |       3 |
|            28 | 6328      |          2 |       2 |
|            29 | 669X      |          1 |       1 |
|            30 | 6908      |          2 |       2 |
|            31 | 7405      |          3 |       2 |
|            32 | 7443      |          4 |       1 |
|            33 | 7559      |          2 |       2 |
|            34 | 8092      |          3 |       1 |
|            35 | 8720      |          1 |       3 |
|            36 | 9611      |          1 |       2 |
|            37 | 9627      |          3 |       5 |
|            38 | 9627      |          4 |       2 |
|            39 | 9701      |          1 |       2 |
|            40 | 9701      |          2 |       1 |
|            41 | 9701      |          3 |       3 |
|            42 | 9701      |          4 |       2 |
|            43 | 9882      |          3 |       3 |
|            44 | 9883      |          2 |       3 |
|            45 | 9883      |          4 |       2 |
|            46 | 9931      |          1 |       2 |
+---------------+-----------+------------+---------+
46 rows in set (0.00 sec)

mysql> notee;
